{
  "eye": {
    "orientation": [
      0.4572722315788269,
      -0.0020857832860201597,
      0.0010709908092394471,
      0.8893237113952637
    ],
    "magnitude": 0.5773502588272095,
    "position": [
      -0.33721140027046204,
      -100.44823455810547,
      71.8531265258789
    ]
  },
  "paths": [],
  "ortho": false,
  "radius": 100,
  "visualHints": 3
}