{
  "eye": {
    "orientation": [
      0.29763880372047424,
      -0.36919230222702026,
      0.12611384689807892,
      0.8713228702545166
    ],
    "magnitude": 0.5773502588272095,
    "position": [
      -113.69815063476562,
      -122.27655029296875,
      110.09613800048828
    ]
  },
  "paths": [],
  "ortho": false,
  "radius": 100,
  "visualHints": 3
}