{
  "eye": {
    "orientation": [
      0.41596609354019165,
      0.017033763229846954,
      -0.007807372137904167,
      0.9091870784759521
    ],
    "magnitude": 0.5773502588272095,
    "position": [
      2.9377501010894775,
      -90.80776977539062,
      78.41233825683594
    ]
  },
  "paths": [],
  "ortho": false,
  "radius": 100,
  "visualHints": 3
}