{
  "eye": {
    "orientation": [
      0.5259515643119812,
      0.027896758168935776,
      -0.01726398803293705,
      0.849881649017334
    ],
    "magnitude": 0.5773502588272095,
    "position": [
      5.853940486907959,
      -178.97149658203125,
      89.07805633544922
    ]
  },
  "paths": [],
  "ortho": false,
  "radius": 100,
  "visualHints": 3
}